{
  "orders": [
    {
      "user_id": 8095351884,
      "action": "buy",
      "project": "Majestic RP",
      "server": "Portland",
      "timestamp": "2026-01-27T13:53:06.758542",
      "status": "новый"
    },
    {
      "user_id": 8095351884,
      "action": "buy",
      "project": "Majestic RP",
      "server": "Phoenix",
      "timestamp": "2026-01-27T13:53:10.531663",
      "status": "новый"
    },
    {
      "user_id": 7858974852,
      "action": "buy",
      "project": "Majestic RP",
      "server": "Portland",
      "timestamp": "2026-01-27T13:57:09.079064",
      "status": "новый"
    },
    {
      "user_id": 5040715474,
      "action": "buy",
      "project": "GTA 5 RP",
      "server": "DOWNTOWN",
      "timestamp": "2026-01-27T13:57:13.673191",
      "status": "новый"
    },
    {
      "user_id": 5040715474,
      "action": "buy",
      "project": "GTA 5 RP",
      "server": "DOWNTOWN",
      "timestamp": "2026-01-27T13:57:17.529921",
      "status": "новый"
    },
    {
      "user_id": 6436439954,
      "action": "buy",
      "project": "GTA 5 RP",
      "server": "STRAWBERRY",
      "timestamp": "2026-01-27T13:57:53.638234",
      "status": "новый"
    },
    {
      "user_id": 6436439954,
      "action": "buy",
      "project": "GTA 5 RP",
      "server": "STRAWBERRY",
      "timestamp": "2026-01-27T13:58:00.789633",
      "status": "новый"
    },
    {
      "user_id": 7858974852,
      "action": "sell",
      "project": "GTA 5 RP",
      "server": "LA PUERTA",
      "timestamp": "2026-01-27T14:00:29.273669",
      "status": "новый"
    },
    {
      "user_id": 6436439954,
      "action": "buy",
      "project": "GTA 5 RP",
      "server": "HARMONY",
      "timestamp": "2026-01-27T14:01:04.296308",
      "status": "новый"
    },
    {
      "user_id": 7858974852,
      "action": "buy",
      "project": "GTA 5 RP",
      "server": "GRAPESEED",
      "timestamp": "2026-01-27T14:05:14.257171",
      "status": "новый"
    },
    {
      "order_id": 11,
      "user_id": 8095351884,
      "username": "SAVERWEB",
      "action": "buy",
      "project": "GTA5RP",
      "server": "GRAPESEED",
      "amount": 500,
      "price": 500,
      "timestamp": "2026-01-27T14:13:56.771788",
      "status": "новый"
    },
    {
      "order_id": 12,
      "user_id": 8095351884,
      "username": "SAVERWEB",
      "action": "buy",
      "project": "GTA5RP",
      "server": "GRAPESEED",
      "amount": 2000,
      "price": 2300,
      "timestamp": "2026-01-27T14:26:45.574901",
      "status": "новый"
    },
    {
      "order_id": 13,
      "user_id": 8095351884,
      "username": "SAVERWEB",
      "action": "buy",
      "project": "Majestic",
      "server": "Portland",
      "amount": 2000,
      "price": 2300,
      "timestamp": "2026-01-27T14:36:18.029629",
      "status": "новый"
    },
    {
      "order_id": 14,
      "user_id": 8095351884,
      "username": "SAVERWEB",
      "action": "buy",
      "project": "Majestic",
      "server": "Portland",
      "amount": 2000,
      "price": 2300,
      "timestamp": "2026-01-27T14:41:06.541413",
      "status": "новый"
    },
    {
      "order_id": 15,
      "user_id": 8095351884,
      "username": "SAVERWEB",
      "action": "buy",
      "project": "GTA5RP",
      "server": "GRAPESEED",
      "amount": 2000,
      "price": 2300,
      "timestamp": "2026-01-27T14:43:33.675323",
      "status": "новый"
    },
    {
      "order_id": 16,
      "user_id": 8095351884,
      "username": "SAVERWEB",
      "action": "buy",
      "project": "Majestic",
      "server": "Portland",
      "amount": 2000,
      "price": 2300,
      "timestamp": "2026-01-27T14:44:16.446542",
      "status": "новый"
    },
    {
      "order_id": 17,
      "user_id": 7858974852,
      "username": "patrickprodast",
      "action": "buy",
      "project": "GTA5RP",
      "server": "GRAPESEED",
      "amount": 2000,
      "price": 2300,
      "timestamp": "2026-01-27T15:24:17.145929",
      "status": "новый"
    },
    {
      "order_id": 18,
      "user_id": 7858974852,
      "username": "patrickprodast",
      "action": "buy",
      "project": "Majestic",
      "server": "Washington",
      "amount": 2000,
      "price": 2300,
      "timestamp": "2026-01-27T15:25:13.306150",
      "status": "новый"
    },
    {
      "order_id": 19,
      "user_id": 7496090438,
      "username": "thutager",
      "action": "buy",
      "project": "GTA5RP",
      "server": "ECLIPSE",
      "amount": 10000,
      "price": 10000,
      "timestamp": "2026-01-27T15:38:03.468872",
      "status": "новый"
    }
  ],
  "users": {
    "8095351884": {
      "user_id": 8095351884,
      "username": "SAVERWEB",
      "first_name": "YANE4EYTOMAN ложусь спать",
      "registered_at": "2026-01-27T13:02:35.557338",
      "orders_count": 6
    },
    "7858974852": {
      "user_id": 7858974852,
      "username": "patrickprodast",
      "first_name": "Патрик",
      "registered_at": "2026-01-27T13:56:39.323259",
      "orders_count": 2
    },
    "5040715474": {
      "user_id": 5040715474,
      "username": "qqkkooq",
      "first_name": "xxqq",
      "registered_at": "2026-01-27T13:57:02.804837",
      "orders_count": 0
    },
    "6436439954": {
      "user_id": 6436439954,
      "username": "starybob",
      "first_name": "Марк Искондеров",
      "registered_at": "2026-01-27T13:57:15.763190",
      "orders_count": 0
    },
    "7496090438": {
      "user_id": 7496090438,
      "username": "thutager",
      "first_name": "tommy",
      "registered_at": "2026-01-27T15:37:42.118748",
      "orders_count": 1
    },
    "1435841950": {
      "user_id": 1435841950,
      "username": null,
      "first_name": "Fuckin Hostile",
      "registered_at": "2026-01-27T15:44:58.776189",
      "orders_count": 0
    },
    "7938425457": {
      "user_id": 7938425457,
      "username": null,
      "first_name": "ᅠᅠ",
      "registered_at": "2026-01-27T16:04:57.164614",
      "orders_count": 0
    },
    "8030640740": {
      "user_id": 8030640740,
      "username": "ownersoprano",
      "first_name": "manki",
      "registered_at": "2026-01-27T17:00:45.203488",
      "orders_count": 0
    },
    "1233175826": {
      "user_id": 1233175826,
      "username": "Skeet_CEO",
      "first_name": "m1kaz1",
      "registered_at": "2026-01-27T17:05:46.537063",
      "orders_count": 0
    },
    "5852419463": {
      "user_id": 5852419463,
      "username": "mar1huan",
      "first_name": "[depre??ed]",
      "registered_at": "2026-01-27T17:06:32.414941",
      "orders_count": 0
    },
    "7269991612": {
      "user_id": 7269991612,
      "username": "wqhit",
      "first_name": "kkk",
      "registered_at": "2026-01-27T17:42:32.510884",
      "orders_count": 0
    },
    "5865325357": {
      "user_id": 5865325357,
      "username": null,
      "first_name": "Сева",
      "registered_at": "2026-01-27T17:58:06.879529",
      "orders_count": 0
    },
    "1058729757": {
      "user_id": 1058729757,
      "username": "faceit10lvI",
      "first_name": "джарвіс 1996",
      "registered_at": "2026-01-27T18:28:44.661269",
      "orders_count": 0
    },
    "5602235993": {
      "user_id": 5602235993,
      "username": null,
      "first_name": "leposov",
      "registered_at": "2026-01-27T18:54:54.367275",
      "orders_count": 0
    },
    "8372850723": {
      "user_id": 8372850723,
      "username": "bulat1kkkkk",
      "first_name": "hron1x",
      "registered_at": "2026-01-27T18:58:22.681559",
      "orders_count": 0
    },
    "7358845658": {
      "user_id": 7358845658,
      "username": "runeov",
      "first_name": "7pamp;k7",
      "registered_at": "2026-01-27T18:59:37.068078",
      "orders_count": 1
    },
    "8160358494": {
      "user_id": 8160358494,
      "username": "binwareuser",
      "first_name": "hexx",
      "registered_at": "2026-01-27T19:00:56.503791",
      "orders_count": 0
    },
    "7673932699": {
      "user_id": 7673932699,
      "username": "twizzyempirecom",
      "first_name": "qray | Spanch SMS",
      "registered_at": "2026-01-27T19:09:30.460235",
      "orders_count": 0
    },
    "7244407999": {
      "user_id": 7244407999,
      "username": "Trid_off",
      "first_name": "Trid",
      "registered_at": "2026-01-27T19:55:09.494899",
      "orders_count": 0
    },
    "5075330813": {
      "user_id": 5075330813,
      "username": "id4402",
      "first_name": "стасян",
      "registered_at": "2026-01-27T20:03:58.944747",
      "orders_count": 0
    },
    "7221078708": {
      "user_id": 7221078708,
      "username": "Angel_Majors",
      "first_name": "Visca",
      "registered_at": "2026-01-27T20:41:12.899452",
      "orders_count": 0
    },
    "5046694366": {
      "user_id": 5046694366,
      "username": "aoeornfnfjf",
      "first_name": "ᅠ",
      "registered_at": "2026-01-27T20:45:29.026988",
      "orders_count": 0
    },
    "8229179837": {
      "user_id": 8229179837,
      "username": null,
      "first_name": "Я люблю Алину❤️❤️❤️❤️❤️❤️❤️❤️❤️",
      "registered_at": "2026-01-27T20:58:05.255150",
      "orders_count": 0
    },
    "1234025178": {
      "user_id": 1234025178,
      "username": "alishka12111",
      "first_name": ".",
      "registered_at": "2026-01-27T21:37:18.602312",
      "orders_count": 0
    }
  }
}